"Classification","Year","Period","Period.Desc","Aggregate.Level","Is.Leaf.Code","Trade.Flow.Code","Trade.Flow","Reporter.Code","Reporter","Partner.Code","Partner","Commodity.Code","Commodity","Qty.Unit.Code","Netweight.kg","Trade.Value.USD","Flag"
"HS",2010,201008,"August 2010",6,1,1,"Imports",51,"Armenia",643,"Russian Federation",40510,"Dairy produce; derived from milk, butter",0,200,1170,0
"HS",2010,201001,"January 2010",6,1,1,"Imports",97,"EU-27",643,"Russian Federation",40510,"Dairy produce; derived from milk, butter",0,12,68,0
"HS",2010,201002,"February 2010",6,1,1,"Imports",97,"EU-27",643,"Russian Federation",40510,"Dairy produce; derived from milk, butter",0,120,502,0
"HS",2010,201007,"July 2010",6,1,1,"Imports",97,"EU-27",643,"Russian Federation",40510,"Dairy produce; derived from milk, butter",0,57600,302318,0
"HS",2010,201007,"July 2010",6,1,1,"Imports",246,"Finland",643,"Russian Federation",40510,"Dairy produce; derived from milk, butter",0,38400,201551,0
"HS",2010,201009,"September 2010",6,1,1,"Imports",268,"Georgia",643,"Russian Federation",40510,"Dairy produce; derived from milk, butter",0,10000,55926,0
"HS",2010,201001,"January 2010",6,1,1,"Imports",276,"Germany",643,"Russian Federation",40510,"Dairy produce; derived from milk, butter",0,NA,71,0
"HS",2010,201002,"February 2010",6,1,1,"Imports",276,"Germany",643,"Russian Federation",40510,"Dairy produce; derived from milk, butter",0,100,506,0
"HS",2010,201004,"April 2010",6,1,1,"Imports",842,"United States of America",643,"Russian Federation",40510,"Dairy produce; derived from milk, butter",0,NA,3304,0
"HS",2010,201011,"November 2010",6,1,1,"Imports",842,"United States of America",643,"Russian Federation",40510,"Dairy produce; derived from milk, butter",0,NA,4467,0
"HS",2011,201110,"October 2011",6,1,1,"Imports",51,"Armenia",643,"Russian Federation",40510,"Dairy produce; derived from milk, butter",0,4190,23740,0
"HS",2011,201111,"November 2011",6,1,1,"Imports",51,"Armenia",643,"Russian Federation",40510,"Dairy produce; derived from milk, butter",0,240,1440,0
"HS",2011,201112,"December 2011",6,1,1,"Imports",51,"Armenia",643,"Russian Federation",40510,"Dairy produce; derived from milk, butter",0,3942,23652,0
"HS",2011,201103,"March 2011",6,1,1,"Imports",97,"EU-27",643,"Russian Federation",40510,"Dairy produce; derived from milk, butter",0,155,648,0
"HS",2011,201107,"July 2011",6,1,1,"Imports",97,"EU-27",643,"Russian Federation",40510,"Dairy produce; derived from milk, butter",0,20000,62704,0
"HS",2011,201101,"January 2011",6,1,1,"Imports",112,"Belarus",643,"Russian Federation",40510,"Dairy produce; derived from milk, butter",0,4540,19000,0
"HS",2011,201102,"February 2011",6,1,1,"Imports",112,"Belarus",643,"Russian Federation",40510,"Dairy produce; derived from milk, butter",0,2220,4500,0
"HS",2011,201103,"March 2011",6,1,1,"Imports",112,"Belarus",643,"Russian Federation",40510,"Dairy produce; derived from milk, butter",0,8140,17300,0
"HS",2011,201104,"April 2011",6,1,1,"Imports",112,"Belarus",643,"Russian Federation",40510,"Dairy produce; derived from milk, butter",0,29062,152500,0
"HS",2011,201106,"June 2011",6,1,1,"Imports",112,"Belarus",643,"Russian Federation",40510,"Dairy produce; derived from milk, butter",0,20740,111300,0
"HS",2011,201108,"August 2011",6,1,1,"Imports",112,"Belarus",643,"Russian Federation",40510,"Dairy produce; derived from milk, butter",0,20296,96600,0
"HS",2011,201109,"September 2011",6,1,1,"Imports",112,"Belarus",643,"Russian Federation",40510,"Dairy produce; derived from milk, butter",0,740,1500,0
"HS",2011,201110,"October 2011",6,1,1,"Imports",112,"Belarus",643,"Russian Federation",40510,"Dairy produce; derived from milk, butter",0,40740,221100,0
"HS",2011,201111,"November 2011",6,1,1,"Imports",112,"Belarus",643,"Russian Federation",40510,"Dairy produce; derived from milk, butter",0,21850,96900,0
"HS",2011,201112,"December 2011",6,1,1,"Imports",112,"Belarus",643,"Russian Federation",40510,"Dairy produce; derived from milk, butter",0,1581,3600,0
"HS",2011,201107,"July 2011",6,1,1,"Imports",233,"Estonia",643,"Russian Federation",40510,"Dairy produce; derived from milk, butter",0,20000,62762,0
"HS",2011,201110,"October 2011",6,1,1,"Imports",268,"Georgia",643,"Russian Federation",40510,"Dairy produce; derived from milk, butter",0,5400,23652,0
"HS",2011,201103,"March 2011",6,1,1,"Imports",276,"Germany",643,"Russian Federation",40510,"Dairy produce; derived from milk, butter",0,200,644,0
"HS",2011,201101,"January 2011",6,1,1,"Imports",417,"Kyrgyzstan",643,"Russian Federation",40510,"Dairy produce; derived from milk, butter",0,3496,17824,0
"HS",2011,201102,"February 2011",6,1,1,"Imports",417,"Kyrgyzstan",643,"Russian Federation",40510,"Dairy produce; derived from milk, butter",0,19600,31647,0
"HS",2011,201105,"May 2011",6,1,1,"Imports",417,"Kyrgyzstan",643,"Russian Federation",40510,"Dairy produce; derived from milk, butter",0,23096,49471,0
"HS",2011,201107,"July 2011",6,1,1,"Imports",417,"Kyrgyzstan",643,"Russian Federation",40510,"Dairy produce; derived from milk, butter",0,23096,49471,0
"HS",2011,201108,"August 2011",6,1,1,"Imports",417,"Kyrgyzstan",643,"Russian Federation",40510,"Dairy produce; derived from milk, butter",0,23096,49471,0
"HS",2011,201109,"September 2011",6,1,1,"Imports",417,"Kyrgyzstan",643,"Russian Federation",40510,"Dairy produce; derived from milk, butter",0,19600,35007,0
"HS",2011,201111,"November 2011",6,1,1,"Imports",417,"Kyrgyzstan",643,"Russian Federation",40510,"Dairy produce; derived from milk, butter",0,11500,19456,0
"HS",2011,201101,"January 2011",6,1,1,"Imports",842,"United States of America",643,"Russian Federation",40510,"Dairy produce; derived from milk, butter",0,NA,3161,0
"HS",2011,201103,"March 2011",6,1,1,"Imports",842,"United States of America",643,"Russian Federation",40510,"Dairy produce; derived from milk, butter",0,NA,3139,0
"HS",2012,201205,"May 2012",6,1,1,"Imports",51,"Armenia",643,"Russian Federation",40510,"Dairy produce; derived from milk, butter",0,25,151,0
"HS",2012,201206,"June 2012",6,1,1,"Imports",51,"Armenia",643,"Russian Federation",40510,"Dairy produce; derived from milk, butter",0,5945,35674,0
"HS",2012,201210,"October 2012",6,1,1,"Imports",51,"Armenia",643,"Russian Federation",40510,"Dairy produce; derived from milk, butter",0,35,210,0
"HS",2012,201211,"November 2012",6,1,1,"Imports",51,"Armenia",643,"Russian Federation",40510,"Dairy produce; derived from milk, butter",0,22,198,0
"HS",2012,201208,"August 2012",6,1,1,"Imports",97,"EU-27",643,"Russian Federation",40510,"Dairy produce; derived from milk, butter",0,384,2381,0
"HS",2012,201201,"January 2012",6,1,1,"Imports",112,"Belarus",643,"Russian Federation",40510,"Dairy produce; derived from milk, butter",0,1473,5100,0
"HS",2012,201202,"February 2012",6,1,1,"Imports",112,"Belarus",643,"Russian Federation",40510,"Dairy produce; derived from milk, butter",0,30751,137900,0
"HS",2012,201203,"March 2012",6,1,1,"Imports",112,"Belarus",643,"Russian Federation",40510,"Dairy produce; derived from milk, butter",0,2472,6900,0
"HS",2012,201204,"April 2012",6,1,1,"Imports",112,"Belarus",643,"Russian Federation",40510,"Dairy produce; derived from milk, butter",0,41770,161700,0
"HS",2012,201205,"May 2012",6,1,1,"Imports",112,"Belarus",643,"Russian Federation",40510,"Dairy produce; derived from milk, butter",0,83031,268600,0
"HS",2012,201206,"June 2012",6,1,1,"Imports",112,"Belarus",643,"Russian Federation",40510,"Dairy produce; derived from milk, butter",0,60211,200400,0
"HS",2012,201207,"July 2012",6,1,1,"Imports",112,"Belarus",643,"Russian Federation",40510,"Dairy produce; derived from milk, butter",0,64733,203500,0
"HS",2012,201208,"August 2012",6,1,1,"Imports",112,"Belarus",643,"Russian Federation",40510,"Dairy produce; derived from milk, butter",0,26882,85300,0
"HS",2012,201209,"September 2012",6,1,1,"Imports",112,"Belarus",643,"Russian Federation",40510,"Dairy produce; derived from milk, butter",0,26447,102600,0
"HS",2012,201210,"October 2012",6,1,1,"Imports",112,"Belarus",643,"Russian Federation",40510,"Dairy produce; derived from milk, butter",0,8234,26600,0
"HS",2012,201211,"November 2012",6,1,1,"Imports",112,"Belarus",643,"Russian Federation",40510,"Dairy produce; derived from milk, butter",0,22338,73400,0
"HS",2012,201212,"December 2012",6,1,1,"Imports",112,"Belarus",643,"Russian Federation",40510,"Dairy produce; derived from milk, butter",0,32997,129300,0
"HS",2012,201208,"August 2012",6,1,1,"Imports",233,"Estonia",643,"Russian Federation",40510,"Dairy produce; derived from milk, butter",0,400,2381,0
"HS",2012,201209,"September 2012",6,1,1,"Imports",268,"Georgia",643,"Russian Federation",40510,"Dairy produce; derived from milk, butter",0,162,941,0
"HS",2012,201210,"October 2012",6,1,1,"Imports",268,"Georgia",643,"Russian Federation",40510,"Dairy produce; derived from milk, butter",0,2048,11815,0
"HS",2012,201211,"November 2012",6,1,1,"Imports",268,"Georgia",643,"Russian Federation",40510,"Dairy produce; derived from milk, butter",0,270,1562,0
"HS",2012,201212,"December 2012",6,1,1,"Imports",268,"Georgia",643,"Russian Federation",40510,"Dairy produce; derived from milk, butter",0,275,1643,0
"HS",2012,201201,"January 2012",6,1,1,"Imports",398,"Kazakhstan",643,"Russian Federation",40510,"Dairy produce; derived from milk, butter",0,78400,238470,0
"HS",2012,201202,"February 2012",6,1,1,"Imports",398,"Kazakhstan",643,"Russian Federation",40510,"Dairy produce; derived from milk, butter",0,136700,461430,0
"HS",2012,201203,"March 2012",6,1,1,"Imports",398,"Kazakhstan",643,"Russian Federation",40510,"Dairy produce; derived from milk, butter",0,177000,550860,0
"HS",2012,201204,"April 2012",6,1,1,"Imports",398,"Kazakhstan",643,"Russian Federation",40510,"Dairy produce; derived from milk, butter",0,74100,277890,0
"HS",2012,201205,"May 2012",6,1,1,"Imports",398,"Kazakhstan",643,"Russian Federation",40510,"Dairy produce; derived from milk, butter",0,59400,191690,0
"HS",2012,201206,"June 2012",6,1,1,"Imports",398,"Kazakhstan",643,"Russian Federation",40510,"Dairy produce; derived from milk, butter",0,78500,207720,0
"HS",2012,201207,"July 2012",6,1,1,"Imports",398,"Kazakhstan",643,"Russian Federation",40510,"Dairy produce; derived from milk, butter",0,53100,171590,0
"HS",2012,201208,"August 2012",6,1,1,"Imports",398,"Kazakhstan",643,"Russian Federation",40510,"Dairy produce; derived from milk, butter",0,113700,346490,0
"HS",2012,201209,"September 2012",6,1,1,"Imports",398,"Kazakhstan",643,"Russian Federation",40510,"Dairy produce; derived from milk, butter",0,142500,417280,0
"HS",2012,201210,"October 2012",6,1,1,"Imports",398,"Kazakhstan",643,"Russian Federation",40510,"Dairy produce; derived from milk, butter",0,77100,361070,0
"HS",2012,201211,"November 2012",6,1,1,"Imports",398,"Kazakhstan",643,"Russian Federation",40510,"Dairy produce; derived from milk, butter",0,223700,673350,0
"HS",2012,201212,"December 2012",6,1,1,"Imports",398,"Kazakhstan",643,"Russian Federation",40510,"Dairy produce; derived from milk, butter",0,156400,615090,0
"HS",2012,201201,"January 2012",6,1,1,"Imports",417,"Kyrgyzstan",643,"Russian Federation",40510,"Dairy produce; derived from milk, butter",0,19600,31771,0
"HS",2012,201202,"February 2012",6,1,1,"Imports",417,"Kyrgyzstan",643,"Russian Federation",40510,"Dairy produce; derived from milk, butter",0,19600,31771,0
"HS",2012,201203,"March 2012",6,1,1,"Imports",417,"Kyrgyzstan",643,"Russian Federation",40510,"Dairy produce; derived from milk, butter",0,19600,31771,0
"HS",2012,201206,"June 2012",6,1,1,"Imports",417,"Kyrgyzstan",643,"Russian Federation",40510,"Dairy produce; derived from milk, butter",0,19600,31771,0
"HS",2012,201209,"September 2012",6,1,1,"Imports",417,"Kyrgyzstan",643,"Russian Federation",40510,"Dairy produce; derived from milk, butter",0,39200,64067,0
"HS",2012,201210,"October 2012",6,1,1,"Imports",417,"Kyrgyzstan",643,"Russian Federation",40510,"Dairy produce; derived from milk, butter",0,39200,64067,0
"HS",2012,201212,"December 2012",6,1,1,"Imports",417,"Kyrgyzstan",643,"Russian Federation",40510,"Dairy produce; derived from milk, butter",0,58800,99622,0
"HS",2012,201212,"December 2012",6,1,1,"Imports",804,"Ukraine",643,"Russian Federation",40510,"Dairy produce; derived from milk, butter",0,9376,60557,0
"HS",2012,201203,"March 2012",6,1,1,"Imports",842,"United States of America",643,"Russian Federation",40510,"Dairy produce; derived from milk, butter",0,1040,6376,0
"HS",2012,201205,"May 2012",6,1,1,"Imports",842,"United States of America",643,"Russian Federation",40510,"Dairy produce; derived from milk, butter",0,1740,9975,0
"HS",2012,201207,"July 2012",6,1,1,"Imports",842,"United States of America",643,"Russian Federation",40510,"Dairy produce; derived from milk, butter",0,320,2798,0
"HS",2013,201301,"January 2013",6,1,1,"Imports",31,"Azerbaijan",643,"Russian Federation",40510,"Dairy produce; derived from milk, butter",0,94000,113524,0
"HS",2013,201302,"February 2013",6,1,1,"Imports",31,"Azerbaijan",643,"Russian Federation",40510,"Dairy produce; derived from milk, butter",0,78000,36846,0
"HS",2013,201303,"March 2013",6,1,1,"Imports",31,"Azerbaijan",643,"Russian Federation",40510,"Dairy produce; derived from milk, butter",0,39000,17992,0
"HS",2013,201304,"April 2013",6,1,1,"Imports",31,"Azerbaijan",643,"Russian Federation",40510,"Dairy produce; derived from milk, butter",0,38998,17587,0
"HS",2013,201305,"May 2013",6,1,1,"Imports",31,"Azerbaijan",643,"Russian Federation",40510,"Dairy produce; derived from milk, butter",0,98500,235381,0
"HS",2013,201306,"June 2013",6,1,1,"Imports",31,"Azerbaijan",643,"Russian Federation",40510,"Dairy produce; derived from milk, butter",0,80000,416219,0
"HS",2013,201307,"July 2013",6,1,1,"Imports",31,"Azerbaijan",643,"Russian Federation",40510,"Dairy produce; derived from milk, butter",0,80000,401037,0
"HS",2013,201308,"August 2013",6,1,1,"Imports",31,"Azerbaijan",643,"Russian Federation",40510,"Dairy produce; derived from milk, butter",0,79000,228180,0
"HS",2013,201309,"September 2013",6,1,1,"Imports",31,"Azerbaijan",643,"Russian Federation",40510,"Dairy produce; derived from milk, butter",0,138497,447471,0
"HS",2013,201310,"October 2013",6,1,1,"Imports",31,"Azerbaijan",643,"Russian Federation",40510,"Dairy produce; derived from milk, butter",0,119000,450287,0
"HS",2013,201302,"February 2013",6,1,1,"Imports",51,"Armenia",643,"Russian Federation",40510,"Dairy produce; derived from milk, butter",0,50,387,0
"HS",2013,201303,"March 2013",6,1,1,"Imports",51,"Armenia",643,"Russian Federation",40510,"Dairy produce; derived from milk, butter",0,642,3963,0
"HS",2013,201304,"April 2013",6,1,1,"Imports",51,"Armenia",643,"Russian Federation",40510,"Dairy produce; derived from milk, butter",0,106,659,0
"HS",2013,201305,"May 2013",6,1,1,"Imports",51,"Armenia",643,"Russian Federation",40510,"Dairy produce; derived from milk, butter",0,148,1031,0
"HS",2013,201310,"October 2013",6,1,1,"Imports",51,"Armenia",643,"Russian Federation",40510,"Dairy produce; derived from milk, butter",0,18,127,0
"HS",2013,201311,"November 2013",6,1,1,"Imports",51,"Armenia",643,"Russian Federation",40510,"Dairy produce; derived from milk, butter",0,53,414,0
"HS",2013,201312,"December 2013",6,1,1,"Imports",51,"Armenia",643,"Russian Federation",40510,"Dairy produce; derived from milk, butter",0,35,277,0
"HS",2013,201301,"January 2013",6,1,1,"Imports",97,"EU-27",643,"Russian Federation",40510,"Dairy produce; derived from milk, butter",0,9,141,0
"HS",2013,201302,"February 2013",6,1,1,"Imports",97,"EU-27",643,"Russian Federation",40510,"Dairy produce; derived from milk, butter",0,10,73,0
"HS",2013,201310,"October 2013",6,1,1,"Imports",97,"EU-27",643,"Russian Federation",40510,"Dairy produce; derived from milk, butter",0,25511,142326,0
"HS",2013,201301,"January 2013",6,1,1,"Imports",112,"Belarus",643,"Russian Federation",40510,"Dairy produce; derived from milk, butter",0,1853,6400,0
"HS",2013,201302,"February 2013",6,1,1,"Imports",112,"Belarus",643,"Russian Federation",40510,"Dairy produce; derived from milk, butter",0,27384,112000,0
"HS",2013,201303,"March 2013",6,1,1,"Imports",112,"Belarus",643,"Russian Federation",40510,"Dairy produce; derived from milk, butter",0,28869,111900,0
"HS",2013,201304,"April 2013",6,1,1,"Imports",112,"Belarus",643,"Russian Federation",40510,"Dairy produce; derived from milk, butter",0,15133,65600,0
"HS",2013,201305,"May 2013",6,1,1,"Imports",112,"Belarus",643,"Russian Federation",40510,"Dairy produce; derived from milk, butter",0,55105,252500,0
"HS",2013,201306,"June 2013",6,1,1,"Imports",112,"Belarus",643,"Russian Federation",40510,"Dairy produce; derived from milk, butter",0,6186,18100,0
"HS",2013,201307,"July 2013",6,1,1,"Imports",112,"Belarus",643,"Russian Federation",40510,"Dairy produce; derived from milk, butter",0,44488,246000,0
"HS",2013,201308,"August 2013",6,1,1,"Imports",112,"Belarus",643,"Russian Federation",40510,"Dairy produce; derived from milk, butter",0,9329,24800,0
"HS",2013,201309,"September 2013",6,1,1,"Imports",112,"Belarus",643,"Russian Federation",40510,"Dairy produce; derived from milk, butter",0,11705,29400,0
"HS",2013,201310,"October 2013",6,1,1,"Imports",112,"Belarus",643,"Russian Federation",40510,"Dairy produce; derived from milk, butter",0,28151,152700,0
"HS",2013,201311,"November 2013",6,1,1,"Imports",112,"Belarus",643,"Russian Federation",40510,"Dairy produce; derived from milk, butter",0,20893,86400,0
"HS",2013,201312,"December 2013",6,1,1,"Imports",112,"Belarus",643,"Russian Federation",40510,"Dairy produce; derived from milk, butter",0,24151,110100,0
"HS",2013,201302,"February 2013",6,1,1,"Imports",268,"Georgia",643,"Russian Federation",40510,"Dairy produce; derived from milk, butter",0,1,6,0
"HS",2013,201303,"March 2013",6,1,1,"Imports",268,"Georgia",643,"Russian Federation",40510,"Dairy produce; derived from milk, butter",0,540,3114,0
"HS",2013,201305,"May 2013",6,1,1,"Imports",268,"Georgia",643,"Russian Federation",40510,"Dairy produce; derived from milk, butter",0,270,1610,0
"HS",2013,201307,"July 2013",6,1,1,"Imports",268,"Georgia",643,"Russian Federation",40510,"Dairy produce; derived from milk, butter",0,198,1874,0
"HS",2013,201308,"August 2013",6,1,1,"Imports",268,"Georgia",643,"Russian Federation",40510,"Dairy produce; derived from milk, butter",0,583,3727,0
"HS",2013,201309,"September 2013",6,1,1,"Imports",268,"Georgia",643,"Russian Federation",40510,"Dairy produce; derived from milk, butter",0,1744,10471,0
"HS",2013,201311,"November 2013",6,1,1,"Imports",268,"Georgia",643,"Russian Federation",40510,"Dairy produce; derived from milk, butter",0,7460,45635,0
"HS",2013,201312,"December 2013",6,1,1,"Imports",268,"Georgia",643,"Russian Federation",40510,"Dairy produce; derived from milk, butter",0,1,17,0
"HS",2013,201301,"January 2013",6,1,1,"Imports",276,"Germany",643,"Russian Federation",40510,"Dairy produce; derived from milk, butter",0,NA,146,0
"HS",2013,201302,"February 2013",6,1,1,"Imports",276,"Germany",643,"Russian Federation",40510,"Dairy produce; derived from milk, butter",0,NA,80,0
"HS",2013,201303,"March 2013",6,1,1,"Imports",417,"Kyrgyzstan",643,"Russian Federation",40510,"Dairy produce; derived from milk, butter",0,19600,34922,0
"HS",2013,201304,"April 2013",6,1,1,"Imports",417,"Kyrgyzstan",643,"Russian Federation",40510,"Dairy produce; derived from milk, butter",0,19600,34922,0
"HS",2013,201305,"May 2013",6,1,1,"Imports",417,"Kyrgyzstan",643,"Russian Federation",40510,"Dairy produce; derived from milk, butter",0,19600,34922,0
"HS",2013,201306,"June 2013",6,1,1,"Imports",417,"Kyrgyzstan",643,"Russian Federation",40510,"Dairy produce; derived from milk, butter",0,19600,34922,0
"HS",2013,201307,"July 2013",6,1,1,"Imports",417,"Kyrgyzstan",643,"Russian Federation",40510,"Dairy produce; derived from milk, butter",0,19600,34922,0
"HS",2013,201309,"September 2013",6,1,1,"Imports",417,"Kyrgyzstan",643,"Russian Federation",40510,"Dairy produce; derived from milk, butter",0,19600,34922,0
"HS",2013,201310,"October 2013",6,1,1,"Imports",417,"Kyrgyzstan",643,"Russian Federation",40510,"Dairy produce; derived from milk, butter",0,19600,34922,0
"HS",2013,201311,"November 2013",6,1,1,"Imports",417,"Kyrgyzstan",643,"Russian Federation",40510,"Dairy produce; derived from milk, butter",0,19600,34922,0
"HS",2013,201312,"December 2013",6,1,1,"Imports",417,"Kyrgyzstan",643,"Russian Federation",40510,"Dairy produce; derived from milk, butter",0,19600,34922,0
"HS",2013,201310,"October 2013",6,1,1,"Imports",440,"Lithuania",643,"Russian Federation",40510,"Dairy produce; derived from milk, butter",0,25511,142242,0
"HS",2013,201301,"January 2013",6,1,1,"Imports",643,"Russian Federation",643,"Russian Federation",40510,"Dairy produce; derived from milk, butter",0,20000,89632,0
"HS",2013,201302,"February 2013",6,1,1,"Imports",643,"Russian Federation",643,"Russian Federation",40510,"Dairy produce; derived from milk, butter",0,80300,344190,0
"HS",2013,201303,"March 2013",6,1,1,"Imports",643,"Russian Federation",643,"Russian Federation",40510,"Dairy produce; derived from milk, butter",0,18920,80814,0
"HS",2013,201305,"May 2013",6,1,1,"Imports",643,"Russian Federation",643,"Russian Federation",40510,"Dairy produce; derived from milk, butter",0,2800,13557,0
"HS",2013,201309,"September 2013",6,1,1,"Imports",643,"Russian Federation",643,"Russian Federation",40510,"Dairy produce; derived from milk, butter",0,5000,28768,0
"HS",2013,201310,"October 2013",6,1,1,"Imports",643,"Russian Federation",643,"Russian Federation",40510,"Dairy produce; derived from milk, butter",0,40000,274875,0
"HS",2013,201311,"November 2013",6,1,1,"Imports",643,"Russian Federation",643,"Russian Federation",40510,"Dairy produce; derived from milk, butter",0,60000,399016,0
"HS",2013,201312,"December 2013",6,1,1,"Imports",643,"Russian Federation",643,"Russian Federation",40510,"Dairy produce; derived from milk, butter",0,3176,21259,0
"HS",2013,201301,"January 2013",6,1,1,"Imports",804,"Ukraine",643,"Russian Federation",40510,"Dairy produce; derived from milk, butter",0,7040,44497,0
"HS",2014,201411,"November 2014",6,1,1,"Imports",51,"Armenia",643,"Russian Federation",40510,"Dairy produce; derived from milk, butter",0,189,1135,0
"HS",2014,201401,"January 2014",6,1,1,"Imports",97,"EU-27",643,"Russian Federation",40510,"Dairy produce; derived from milk, butter",0,13,93,0
"HS",2014,201408,"August 2014",6,1,1,"Imports",97,"EU-27",643,"Russian Federation",40510,"Dairy produce; derived from milk, butter",0,210,1438,0
"HS",2014,201401,"January 2014",6,1,1,"Imports",112,"Belarus",643,"Russian Federation",40510,"Dairy produce; derived from milk, butter",0,31229,160000,0
"HS",2014,201402,"February 2014",6,1,1,"Imports",112,"Belarus",643,"Russian Federation",40510,"Dairy produce; derived from milk, butter",0,17293,51600,0
"HS",2014,201403,"March 2014",6,1,1,"Imports",112,"Belarus",643,"Russian Federation",40510,"Dairy produce; derived from milk, butter",0,46222,253300,0
"HS",2014,201404,"April 2014",6,1,1,"Imports",112,"Belarus",643,"Russian Federation",40510,"Dairy produce; derived from milk, butter",0,50453,250600,0
"HS",2014,201405,"May 2014",6,1,1,"Imports",112,"Belarus",643,"Russian Federation",40510,"Dairy produce; derived from milk, butter",0,45177,216400,0
"HS",2014,201406,"June 2014",6,1,1,"Imports",112,"Belarus",643,"Russian Federation",40510,"Dairy produce; derived from milk, butter",0,27841,142100,0
"HS",2014,201407,"July 2014",6,1,1,"Imports",112,"Belarus",643,"Russian Federation",40510,"Dairy produce; derived from milk, butter",0,10902,35900,0
"HS",2014,201408,"August 2014",6,1,1,"Imports",112,"Belarus",643,"Russian Federation",40510,"Dairy produce; derived from milk, butter",0,54461,228500,0
"HS",2014,201409,"September 2014",6,1,1,"Imports",112,"Belarus",643,"Russian Federation",40510,"Dairy produce; derived from milk, butter",0,57720,233200,0
"HS",2014,201410,"October 2014",6,1,1,"Imports",112,"Belarus",643,"Russian Federation",40510,"Dairy produce; derived from milk, butter",0,8291,16300,0
"HS",2014,201411,"November 2014",6,1,1,"Imports",112,"Belarus",643,"Russian Federation",40510,"Dairy produce; derived from milk, butter",0,87287,340900,0
"HS",2014,201412,"December 2014",6,1,1,"Imports",112,"Belarus",643,"Russian Federation",40510,"Dairy produce; derived from milk, butter",0,56510,133600,0
"HS",2014,201401,"January 2014",6,1,1,"Imports",268,"Georgia",643,"Russian Federation",40510,"Dairy produce; derived from milk, butter",0,594,3940,0
"HS",2014,201403,"March 2014",6,1,1,"Imports",268,"Georgia",643,"Russian Federation",40510,"Dairy produce; derived from milk, butter",0,486,3104,0
"HS",2014,201405,"May 2014",6,1,1,"Imports",268,"Georgia",643,"Russian Federation",40510,"Dairy produce; derived from milk, butter",0,702,4686,0
"HS",2014,201407,"July 2014",6,1,1,"Imports",268,"Georgia",643,"Russian Federation",40510,"Dairy produce; derived from milk, butter",0,162,1057,0
"HS",2014,201410,"October 2014",6,1,1,"Imports",268,"Georgia",643,"Russian Federation",40510,"Dairy produce; derived from milk, butter",0,686,4035,0
"HS",2014,201411,"November 2014",6,1,1,"Imports",268,"Georgia",643,"Russian Federation",40510,"Dairy produce; derived from milk, butter",0,837,4527,0
"HS",2014,201401,"January 2014",6,1,1,"Imports",276,"Germany",643,"Russian Federation",40510,"Dairy produce; derived from milk, butter",0,NA,95,0
"HS",2014,201401,"January 2014",6,1,1,"Imports",398,"Kazakhstan",643,"Russian Federation",40510,"Dairy produce; derived from milk, butter",0,248544,1453732,0
"HS",2014,201402,"February 2014",6,1,1,"Imports",398,"Kazakhstan",643,"Russian Federation",40510,"Dairy produce; derived from milk, butter",0,164211,508961,0
"HS",2014,201403,"March 2014",6,1,1,"Imports",398,"Kazakhstan",643,"Russian Federation",40510,"Dairy produce; derived from milk, butter",0,98072,387603,0
"HS",2014,201404,"April 2014",6,1,1,"Imports",398,"Kazakhstan",643,"Russian Federation",40510,"Dairy produce; derived from milk, butter",0,122458,444812,0
"HS",2014,201405,"May 2014",6,1,1,"Imports",398,"Kazakhstan",643,"Russian Federation",40510,"Dairy produce; derived from milk, butter",0,180192,844024,0
"HS",2014,201406,"June 2014",6,1,1,"Imports",398,"Kazakhstan",643,"Russian Federation",40510,"Dairy produce; derived from milk, butter",0,84692,273070,0
"HS",2014,201407,"July 2014",6,1,1,"Imports",398,"Kazakhstan",643,"Russian Federation",40510,"Dairy produce; derived from milk, butter",0,28475,140355,0
"HS",2014,201408,"August 2014",6,1,1,"Imports",398,"Kazakhstan",643,"Russian Federation",40510,"Dairy produce; derived from milk, butter",0,62685,245786,0
"HS",2014,201409,"September 2014",6,1,1,"Imports",398,"Kazakhstan",643,"Russian Federation",40510,"Dairy produce; derived from milk, butter",0,68598,250952,0
"HS",2014,201410,"October 2014",6,1,1,"Imports",398,"Kazakhstan",643,"Russian Federation",40510,"Dairy produce; derived from milk, butter",0,52547,145334,0
"HS",2014,201411,"November 2014",6,1,1,"Imports",398,"Kazakhstan",643,"Russian Federation",40510,"Dairy produce; derived from milk, butter",0,53800,210988,0
"HS",2014,201412,"December 2014",6,1,1,"Imports",398,"Kazakhstan",643,"Russian Federation",40510,"Dairy produce; derived from milk, butter",0,97643,339950,0
"HS",2014,201408,"August 2014",6,1,1,"Imports",428,"Latvia",643,"Russian Federation",40510,"Dairy produce; derived from milk, butter",0,210,1438,0
"HS",2014,201403,"March 2014",6,1,1,"Imports",804,"Ukraine",643,"Russian Federation",40510,"Dairy produce; derived from milk, butter",0,28304,124480,0
"HS",2014,201404,"April 2014",6,1,1,"Imports",804,"Ukraine",643,"Russian Federation",40510,"Dairy produce; derived from milk, butter",0,50048,266453,0
"HS",2015,201502,"February 2015",6,1,1,"Imports",51,"Armenia",643,"Russian Federation",40510,"Dairy produce; derived from milk, butter",0,266,1616,0
"HS",2015,201503,"March 2015",6,1,1,"Imports",51,"Armenia",643,"Russian Federation",40510,"Dairy produce; derived from milk, butter",0,5504,21015,0
"HS",2015,201511,"November 2015",6,1,1,"Imports",51,"Armenia",643,"Russian Federation",40510,"Dairy produce; derived from milk, butter",0,518,2635,0
"HS",2015,201512,"December 2015",6,1,1,"Imports",51,"Armenia",643,"Russian Federation",40510,"Dairy produce; derived from milk, butter",0,1648,7272,0
"HS",2015,201501,"January 2015",6,1,1,"Imports",112,"Belarus",643,"Russian Federation",40510,"Dairy produce; derived from milk, butter",0,40907,70400,0
"HS",2015,201502,"February 2015",6,1,1,"Imports",112,"Belarus",643,"Russian Federation",40510,"Dairy produce; derived from milk, butter",0,23260,55600,0
"HS",2015,201503,"March 2015",6,1,1,"Imports",112,"Belarus",643,"Russian Federation",40510,"Dairy produce; derived from milk, butter",0,29408,67700,0
"HS",2015,201504,"April 2015",6,1,1,"Imports",112,"Belarus",643,"Russian Federation",40510,"Dairy produce; derived from milk, butter",0,4515,8500,0
"HS",2015,201505,"May 2015",6,1,1,"Imports",112,"Belarus",643,"Russian Federation",40510,"Dairy produce; derived from milk, butter",0,2615,4900,0
"HS",2015,201506,"June 2015",6,1,1,"Imports",112,"Belarus",643,"Russian Federation",40510,"Dairy produce; derived from milk, butter",0,4551,8200,0
"HS",2015,201507,"July 2015",6,1,1,"Imports",112,"Belarus",643,"Russian Federation",40510,"Dairy produce; derived from milk, butter",0,24473,58300,0
"HS",2015,201508,"August 2015",6,1,1,"Imports",112,"Belarus",643,"Russian Federation",40510,"Dairy produce; derived from milk, butter",0,24530,55200,0
"HS",2015,201509,"September 2015",6,1,1,"Imports",112,"Belarus",643,"Russian Federation",40510,"Dairy produce; derived from milk, butter",0,9760,30000,0
"HS",2015,201510,"October 2015",6,1,1,"Imports",112,"Belarus",643,"Russian Federation",40510,"Dairy produce; derived from milk, butter",0,21030,77900,0
"HS",2015,201511,"November 2015",6,1,1,"Imports",112,"Belarus",643,"Russian Federation",40510,"Dairy produce; derived from milk, butter",0,40957,166400,0
"HS",2015,201512,"December 2015",6,1,1,"Imports",112,"Belarus",643,"Russian Federation",40510,"Dairy produce; derived from milk, butter",0,147478,520300,0
"HS",2015,201501,"January 2015",6,1,1,"Imports",268,"Georgia",643,"Russian Federation",40510,"Dairy produce; derived from milk, butter",0,794,3895,0
"HS",2015,201503,"March 2015",6,1,1,"Imports",268,"Georgia",643,"Russian Federation",40510,"Dairy produce; derived from milk, butter",0,1000,5120,0
"HS",2015,201504,"April 2015",6,1,1,"Imports",268,"Georgia",643,"Russian Federation",40510,"Dairy produce; derived from milk, butter",0,432,2233,0
"HS",2015,201506,"June 2015",6,1,1,"Imports",268,"Georgia",643,"Russian Federation",40510,"Dairy produce; derived from milk, butter",0,594,2511,0
"HS",2015,201512,"December 2015",6,1,1,"Imports",268,"Georgia",643,"Russian Federation",40510,"Dairy produce; derived from milk, butter",0,1891,7508,0
"HS",2015,201501,"January 2015",6,1,1,"Imports",398,"Kazakhstan",643,"Russian Federation",40510,"Dairy produce; derived from milk, butter",0,73449,155305,0
"HS",2015,201502,"February 2015",6,1,1,"Imports",398,"Kazakhstan",643,"Russian Federation",40510,"Dairy produce; derived from milk, butter",0,89326,251578,0
"HS",2015,201503,"March 2015",6,1,1,"Imports",398,"Kazakhstan",643,"Russian Federation",40510,"Dairy produce; derived from milk, butter",0,80228,215003,0
"HS",2015,201504,"April 2015",6,1,1,"Imports",398,"Kazakhstan",643,"Russian Federation",40510,"Dairy produce; derived from milk, butter",0,112751,355875,0
"HS",2015,201505,"May 2015",6,1,1,"Imports",398,"Kazakhstan",643,"Russian Federation",40510,"Dairy produce; derived from milk, butter",0,53043,204770,0
"HS",2015,201506,"June 2015",6,1,1,"Imports",398,"Kazakhstan",643,"Russian Federation",40510,"Dairy produce; derived from milk, butter",0,110501,294017,0
"HS",2015,201507,"July 2015",6,1,1,"Imports",398,"Kazakhstan",643,"Russian Federation",40510,"Dairy produce; derived from milk, butter",0,74368,170584,0
"HS",2015,201508,"August 2015",6,1,1,"Imports",398,"Kazakhstan",643,"Russian Federation",40510,"Dairy produce; derived from milk, butter",0,130694,326703,0
"HS",2015,201509,"September 2015",6,1,1,"Imports",398,"Kazakhstan",643,"Russian Federation",40510,"Dairy produce; derived from milk, butter",0,74423,229801,0
"HS",2015,201510,"October 2015",6,1,1,"Imports",398,"Kazakhstan",643,"Russian Federation",40510,"Dairy produce; derived from milk, butter",0,52535,162432,0
"HS",2015,201511,"November 2015",6,1,1,"Imports",398,"Kazakhstan",643,"Russian Federation",40510,"Dairy produce; derived from milk, butter",0,117459,267578,0
"HS",2015,201512,"December 2015",6,1,1,"Imports",398,"Kazakhstan",643,"Russian Federation",40510,"Dairy produce; derived from milk, butter",0,103746,237301,0
"HS",2016,201602,"February 2016",6,1,1,"Imports",31,"Azerbaijan",643,"Russian Federation",40510,"Dairy produce; derived from milk, butter",0,108,1511,0
"HS",2016,201603,"March 2016",6,1,1,"Imports",31,"Azerbaijan",643,"Russian Federation",40510,"Dairy produce; derived from milk, butter",0,130,1608,0
"HS",2016,201604,"April 2016",6,1,1,"Imports",31,"Azerbaijan",643,"Russian Federation",40510,"Dairy produce; derived from milk, butter",0,130,146270,0
"HS",2016,201605,"May 2016",6,1,1,"Imports",31,"Azerbaijan",643,"Russian Federation",40510,"Dairy produce; derived from milk, butter",0,648,48395,0
"HS",2016,201607,"July 2016",6,1,1,"Imports",31,"Azerbaijan",643,"Russian Federation",40510,"Dairy produce; derived from milk, butter",0,194,3237,0
"HS",2016,201608,"August 2016",6,1,1,"Imports",31,"Azerbaijan",643,"Russian Federation",40510,"Dairy produce; derived from milk, butter",0,324,5587,0
"HS",2016,201609,"September 2016",6,1,1,"Imports",31,"Azerbaijan",643,"Russian Federation",40510,"Dairy produce; derived from milk, butter",0,179,3074,0
"HS",2016,201610,"October 2016",6,1,1,"Imports",31,"Azerbaijan",643,"Russian Federation",40510,"Dairy produce; derived from milk, butter",0,2,7475,0
"HS",2016,201611,"November 2016",6,1,1,"Imports",31,"Azerbaijan",643,"Russian Federation",40510,"Dairy produce; derived from milk, butter",0,1,3632,0
"HS",2016,201612,"December 2016",6,1,1,"Imports",31,"Azerbaijan",643,"Russian Federation",40510,"Dairy produce; derived from milk, butter",0,130,27934,0
"HS",2016,201602,"February 2016",6,1,1,"Imports",51,"Armenia",643,"Russian Federation",40510,"Dairy produce; derived from milk, butter",0,32330,58231,0
"HS",2016,201603,"March 2016",6,1,1,"Imports",51,"Armenia",643,"Russian Federation",40510,"Dairy produce; derived from milk, butter",0,27608,79557,0
"HS",2016,201604,"April 2016",6,1,1,"Imports",51,"Armenia",643,"Russian Federation",40510,"Dairy produce; derived from milk, butter",0,3364,4650,0
"HS",2016,201605,"May 2016",6,1,1,"Imports",51,"Armenia",643,"Russian Federation",40510,"Dairy produce; derived from milk, butter",0,3809,7187,0
"HS",2016,201606,"June 2016",6,1,1,"Imports",51,"Armenia",643,"Russian Federation",40510,"Dairy produce; derived from milk, butter",0,1938,2329,0
"HS",2016,201607,"July 2016",6,1,1,"Imports",51,"Armenia",643,"Russian Federation",40510,"Dairy produce; derived from milk, butter",0,4354,5430,0
"HS",2016,201608,"August 2016",6,1,1,"Imports",51,"Armenia",643,"Russian Federation",40510,"Dairy produce; derived from milk, butter",0,3100,3871,0
"HS",2016,201609,"September 2016",6,1,1,"Imports",51,"Armenia",643,"Russian Federation",40510,"Dairy produce; derived from milk, butter",0,2276,3946,0
"HS",2016,201610,"October 2016",6,1,1,"Imports",51,"Armenia",643,"Russian Federation",40510,"Dairy produce; derived from milk, butter",0,6131,7072,0
"HS",2016,201611,"November 2016",6,1,1,"Imports",51,"Armenia",643,"Russian Federation",40510,"Dairy produce; derived from milk, butter",0,2972,5081,0
"HS",2016,201612,"December 2016",6,1,1,"Imports",51,"Armenia",643,"Russian Federation",40510,"Dairy produce; derived from milk, butter",0,7720,10085,0
"HS",2016,201601,"January 2016",6,1,1,"Imports",112,"Belarus",643,"Russian Federation",40510,"Dairy produce; derived from milk, butter",0,39543,114100,0
"HS",2016,201602,"February 2016",6,1,1,"Imports",112,"Belarus",643,"Russian Federation",40510,"Dairy produce; derived from milk, butter",0,23067,61100,0
"HS",2016,201603,"March 2016",6,1,1,"Imports",112,"Belarus",643,"Russian Federation",40510,"Dairy produce; derived from milk, butter",0,275,600,0
"HS",2016,201604,"April 2016",6,1,1,"Imports",112,"Belarus",643,"Russian Federation",40510,"Dairy produce; derived from milk, butter",0,24442,77400,0
"HS",2016,201605,"May 2016",6,1,1,"Imports",112,"Belarus",643,"Russian Federation",40510,"Dairy produce; derived from milk, butter",0,15604,45900,0
"HS",2016,201606,"June 2016",6,1,1,"Imports",112,"Belarus",643,"Russian Federation",40510,"Dairy produce; derived from milk, butter",0,20272,71500,0
"HS",2016,201607,"July 2016",6,1,1,"Imports",112,"Belarus",643,"Russian Federation",40510,"Dairy produce; derived from milk, butter",0,20100,78300,0
"HS",2016,201608,"August 2016",6,1,1,"Imports",112,"Belarus",643,"Russian Federation",40510,"Dairy produce; derived from milk, butter",0,220,900,0
"HS",2016,201609,"September 2016",6,1,1,"Imports",112,"Belarus",643,"Russian Federation",40510,"Dairy produce; derived from milk, butter",0,284,700,0
"HS",2016,201610,"October 2016",6,1,1,"Imports",112,"Belarus",643,"Russian Federation",40510,"Dairy produce; derived from milk, butter",0,216,900,0
"HS",2016,201611,"November 2016",6,1,1,"Imports",112,"Belarus",643,"Russian Federation",40510,"Dairy produce; derived from milk, butter",0,2463,9500,0
"HS",2016,201612,"December 2016",6,1,1,"Imports",112,"Belarus",643,"Russian Federation",40510,"Dairy produce; derived from milk, butter",0,10667,45500,0
"HS",2016,201603,"March 2016",6,1,1,"Imports",268,"Georgia",643,"Russian Federation",40510,"Dairy produce; derived from milk, butter",0,48,188,0
"HS",2016,201605,"May 2016",6,1,1,"Imports",268,"Georgia",643,"Russian Federation",40510,"Dairy produce; derived from milk, butter",0,955,4207,0
"HS",2016,201601,"January 2016",6,1,1,"Imports",398,"Kazakhstan",643,"Russian Federation",40510,"Dairy produce; derived from milk, butter",0,82983,210889,0
"HS",2016,201602,"February 2016",6,1,1,"Imports",398,"Kazakhstan",643,"Russian Federation",40510,"Dairy produce; derived from milk, butter",0,129384,263467,0
"HS",2016,201603,"March 2016",6,1,1,"Imports",398,"Kazakhstan",643,"Russian Federation",40510,"Dairy produce; derived from milk, butter",0,92940,183305,0
"HS",2016,201604,"April 2016",6,1,1,"Imports",398,"Kazakhstan",643,"Russian Federation",40510,"Dairy produce; derived from milk, butter",0,77354,175038,0
"HS",2016,201605,"May 2016",6,1,1,"Imports",398,"Kazakhstan",643,"Russian Federation",40510,"Dairy produce; derived from milk, butter",0,55321,181004,0
"HS",2016,201606,"June 2016",6,1,1,"Imports",398,"Kazakhstan",643,"Russian Federation",40510,"Dairy produce; derived from milk, butter",0,129364,259989,0
"HS",2016,201607,"July 2016",6,1,1,"Imports",398,"Kazakhstan",643,"Russian Federation",40510,"Dairy produce; derived from milk, butter",0,42985,134403,0
"HS",2016,201608,"August 2016",6,1,1,"Imports",398,"Kazakhstan",643,"Russian Federation",40510,"Dairy produce; derived from milk, butter",0,63950,155935,0
"HS",2016,201609,"September 2016",6,1,1,"Imports",398,"Kazakhstan",643,"Russian Federation",40510,"Dairy produce; derived from milk, butter",0,62266,191906,0
"HS",2016,201610,"October 2016",6,1,1,"Imports",398,"Kazakhstan",643,"Russian Federation",40510,"Dairy produce; derived from milk, butter",0,91043,302482,0
"HS",2016,201611,"November 2016",6,1,1,"Imports",398,"Kazakhstan",643,"Russian Federation",40510,"Dairy produce; derived from milk, butter",0,72566,222172,0
"HS",2016,201612,"December 2016",6,1,1,"Imports",398,"Kazakhstan",643,"Russian Federation",40510,"Dairy produce; derived from milk, butter",0,100585,296548,0
"HS",2016,201601,"January 2016",6,1,1,"Imports",417,"Kyrgyzstan",643,"Russian Federation",40510,"Dairy produce; derived from milk, butter",0,20000,53704,0
"HS",2016,201602,"February 2016",6,1,1,"Imports",417,"Kyrgyzstan",643,"Russian Federation",40510,"Dairy produce; derived from milk, butter",0,120000,311312,0
"HS",2016,201603,"March 2016",6,1,1,"Imports",417,"Kyrgyzstan",643,"Russian Federation",40510,"Dairy produce; derived from milk, butter",0,60000,178867,0
"HS",2016,201604,"April 2016",6,1,1,"Imports",496,"Mongolia",643,"Russian Federation",40510,"Dairy produce; derived from milk, butter",0,8578,15299,0
"HS",2016,201605,"May 2016",6,1,1,"Imports",496,"Mongolia",643,"Russian Federation",40510,"Dairy produce; derived from milk, butter",0,39,222,0
"HS",2016,201606,"June 2016",6,1,1,"Imports",496,"Mongolia",643,"Russian Federation",40510,"Dairy produce; derived from milk, butter",0,7806,15909,0
"HS",2016,201607,"July 2016",6,1,1,"Imports",496,"Mongolia",643,"Russian Federation",40510,"Dairy produce; derived from milk, butter",0,35,211,0
"HS",2016,201608,"August 2016",6,1,1,"Imports",496,"Mongolia",643,"Russian Federation",40510,"Dairy produce; derived from milk, butter",0,4,20,0
"HS",2016,201609,"September 2016",6,1,1,"Imports",496,"Mongolia",643,"Russian Federation",40510,"Dairy produce; derived from milk, butter",0,7559,13711,0
"HS",2016,201610,"October 2016",6,1,1,"Imports",496,"Mongolia",643,"Russian Federation",40510,"Dairy produce; derived from milk, butter",0,272,831,0
"HS",2016,201611,"November 2016",6,1,1,"Imports",496,"Mongolia",643,"Russian Federation",40510,"Dairy produce; derived from milk, butter",0,24,134,0
"HS",2016,201612,"December 2016",6,1,1,"Imports",496,"Mongolia",643,"Russian Federation",40510,"Dairy produce; derived from milk, butter",0,7183,13578,0
"HS",2016,201603,"March 2016",6,1,1,"Imports",554,"New Zealand",643,"Russian Federation",40510,"Dairy produce; derived from milk, butter",0,484178,1448133,0
"HS",2016,201607,"July 2016",6,1,1,"Imports",554,"New Zealand",643,"Russian Federation",40510,"Dairy produce; derived from milk, butter",0,44,680,0
"HS",2016,201607,"July 2016",6,1,1,"Imports",842,"United States of America",643,"Russian Federation",40510,"Dairy produce; derived from milk, butter",0,1080,7480,0
"HS",2017,201701,"January 2017",6,1,1,"Imports",31,"Azerbaijan",643,"Russian Federation",40510,"Dairy produce; derived from milk, butter",0,140,27363,0
"HS",2017,201702,"February 2017",6,1,1,"Imports",31,"Azerbaijan",643,"Russian Federation",40510,"Dairy produce; derived from milk, butter",0,1,30373,0
"HS",2017,201703,"March 2017",6,1,1,"Imports",31,"Azerbaijan",643,"Russian Federation",40510,"Dairy produce; derived from milk, butter",0,1,56976,0
"HS",2017,201704,"April 2017",6,1,1,"Imports",31,"Azerbaijan",643,"Russian Federation",40510,"Dairy produce; derived from milk, butter",0,216,4578,0
"HS",2017,201705,"May 2017",6,1,1,"Imports",31,"Azerbaijan",643,"Russian Federation",40510,"Dairy produce; derived from milk, butter",0,130,3783,0
"HS",2017,201706,"June 2017",6,1,1,"Imports",31,"Azerbaijan",643,"Russian Federation",40510,"Dairy produce; derived from milk, butter",0,86,3066,0
"HS",2017,201707,"July 2017",6,1,1,"Imports",31,"Azerbaijan",643,"Russian Federation",40510,"Dairy produce; derived from milk, butter",0,97,6209,0
"HS",2017,201708,"August 2017",6,1,1,"Imports",31,"Azerbaijan",643,"Russian Federation",40510,"Dairy produce; derived from milk, butter",0,108,6791,0
"HS",2017,201709,"September 2017",6,1,1,"Imports",31,"Azerbaijan",643,"Russian Federation",40510,"Dairy produce; derived from milk, butter",0,89,959,0
"HS",2017,201710,"October 2017",6,1,1,"Imports",31,"Azerbaijan",643,"Russian Federation",40510,"Dairy produce; derived from milk, butter",0,67,1171,0
"HS",2017,201711,"November 2017",6,1,1,"Imports",31,"Azerbaijan",643,"Russian Federation",40510,"Dairy produce; derived from milk, butter",0,54,28992,0
"HS",2017,201712,"December 2017",6,1,1,"Imports",31,"Azerbaijan",643,"Russian Federation",40510,"Dairy produce; derived from milk, butter",0,56,9200,0
"HS",2017,201702,"February 2017",6,1,1,"Imports",51,"Armenia",643,"Russian Federation",40510,"Dairy produce; derived from milk, butter",0,4650,10665,0
"HS",2017,201703,"March 2017",6,1,1,"Imports",51,"Armenia",643,"Russian Federation",40510,"Dairy produce; derived from milk, butter",0,3364,6210,0
"HS",2017,201704,"April 2017",6,1,1,"Imports",51,"Armenia",643,"Russian Federation",40510,"Dairy produce; derived from milk, butter",0,12849,21052,0
"HS",2017,201705,"May 2017",6,1,1,"Imports",51,"Armenia",643,"Russian Federation",40510,"Dairy produce; derived from milk, butter",0,4575,8489,0
"HS",2017,201706,"June 2017",6,1,1,"Imports",51,"Armenia",643,"Russian Federation",40510,"Dairy produce; derived from milk, butter",0,3011,5955,0
"HS",2017,201707,"July 2017",6,1,1,"Imports",51,"Armenia",643,"Russian Federation",40510,"Dairy produce; derived from milk, butter",0,6625,12453,0
"HS",2017,201708,"August 2017",6,1,1,"Imports",51,"Armenia",643,"Russian Federation",40510,"Dairy produce; derived from milk, butter",0,3029,5022,0
"HS",2017,201709,"September 2017",6,1,1,"Imports",51,"Armenia",643,"Russian Federation",40510,"Dairy produce; derived from milk, butter",0,11444,22032,0
"HS",2017,201710,"October 2017",6,1,1,"Imports",51,"Armenia",643,"Russian Federation",40510,"Dairy produce; derived from milk, butter",0,8757,27151,0
"HS",2017,201711,"November 2017",6,1,1,"Imports",51,"Armenia",643,"Russian Federation",40510,"Dairy produce; derived from milk, butter",0,15831,33411,0
"HS",2017,201712,"December 2017",6,1,1,"Imports",51,"Armenia",643,"Russian Federation",40510,"Dairy produce; derived from milk, butter",0,30725,74608,0
"HS",2017,201707,"July 2017",6,1,1,"Imports",97,"EU-27",643,"Russian Federation",40510,"Dairy produce; derived from milk, butter",0,69,306,0
"HS",2017,201709,"September 2017",6,1,1,"Imports",97,"EU-27",643,"Russian Federation",40510,"Dairy produce; derived from milk, butter",0,0,1,0
"HS",2017,201710,"October 2017",6,1,1,"Imports",97,"EU-27",643,"Russian Federation",40510,"Dairy produce; derived from milk, butter",0,13,60,0
"HS",2017,201701,"January 2017",6,1,1,"Imports",112,"Belarus",643,"Russian Federation",40510,"Dairy produce; derived from milk, butter",0,6899,29000,0
"HS",2017,201702,"February 2017",6,1,1,"Imports",112,"Belarus",643,"Russian Federation",40510,"Dairy produce; derived from milk, butter",0,955,3000,0
"HS",2017,201703,"March 2017",6,1,1,"Imports",112,"Belarus",643,"Russian Federation",40510,"Dairy produce; derived from milk, butter",0,5459,22100,0
"HS",2017,201704,"April 2017",6,1,1,"Imports",112,"Belarus",643,"Russian Federation",40510,"Dairy produce; derived from milk, butter",0,319,900,0
"HS",2017,201705,"May 2017",6,1,1,"Imports",112,"Belarus",643,"Russian Federation",40510,"Dairy produce; derived from milk, butter",0,45305,229400,0
"HS",2017,201706,"June 2017",6,1,1,"Imports",112,"Belarus",643,"Russian Federation",40510,"Dairy produce; derived from milk, butter",0,5924,24000,0
"HS",2017,201707,"July 2017",6,1,1,"Imports",112,"Belarus",643,"Russian Federation",40510,"Dairy produce; derived from milk, butter",0,5178,20000,0
"HS",2017,201708,"August 2017",6,1,1,"Imports",112,"Belarus",643,"Russian Federation",40510,"Dairy produce; derived from milk, butter",0,3434,14400,0
"HS",2017,201709,"September 2017",6,1,1,"Imports",112,"Belarus",643,"Russian Federation",40510,"Dairy produce; derived from milk, butter",0,22963,123400,0
"HS",2017,201710,"October 2017",6,1,1,"Imports",112,"Belarus",643,"Russian Federation",40510,"Dairy produce; derived from milk, butter",0,276,1400,0
"HS",2017,201711,"November 2017",6,1,1,"Imports",112,"Belarus",643,"Russian Federation",40510,"Dairy produce; derived from milk, butter",0,485,1600,0
"HS",2017,201712,"December 2017",6,1,1,"Imports",112,"Belarus",643,"Russian Federation",40510,"Dairy produce; derived from milk, butter",0,12206,51100,0
"HS",2017,201709,"September 2017",6,1,1,"Imports",268,"Georgia",643,"Russian Federation",40510,"Dairy produce; derived from milk, butter",0,4,33,0
"HS",2017,201710,"October 2017",6,1,1,"Imports",268,"Georgia",643,"Russian Federation",40510,"Dairy produce; derived from milk, butter",0,512,3852,0
"HS",2017,201711,"November 2017",6,1,1,"Imports",268,"Georgia",643,"Russian Federation",40510,"Dairy produce; derived from milk, butter",0,1058,8153,0
"HS",2017,201712,"December 2017",6,1,1,"Imports",268,"Georgia",643,"Russian Federation",40510,"Dairy produce; derived from milk, butter",0,292,2274,0
"HS",2017,201701,"January 2017",6,1,1,"Imports",398,"Kazakhstan",643,"Russian Federation",40510,"Dairy produce; derived from milk, butter",0,89281,288029,0
"HS",2017,201702,"February 2017",6,1,1,"Imports",398,"Kazakhstan",643,"Russian Federation",40510,"Dairy produce; derived from milk, butter",0,48036,162120,0
"HS",2017,201703,"March 2017",6,1,1,"Imports",398,"Kazakhstan",643,"Russian Federation",40510,"Dairy produce; derived from milk, butter",0,76955,172085,0
"HS",2017,201704,"April 2017",6,1,1,"Imports",398,"Kazakhstan",643,"Russian Federation",40510,"Dairy produce; derived from milk, butter",0,71850,412771,0
"HS",2017,201705,"May 2017",6,1,1,"Imports",398,"Kazakhstan",643,"Russian Federation",40510,"Dairy produce; derived from milk, butter",0,46762,154002,0
"HS",2017,201706,"June 2017",6,1,1,"Imports",398,"Kazakhstan",643,"Russian Federation",40510,"Dairy produce; derived from milk, butter",0,102390,365952,0
"HS",2017,201707,"July 2017",6,1,1,"Imports",398,"Kazakhstan",643,"Russian Federation",40510,"Dairy produce; derived from milk, butter",0,71588,185458,0
"HS",2017,201708,"August 2017",6,1,1,"Imports",398,"Kazakhstan",643,"Russian Federation",40510,"Dairy produce; derived from milk, butter",0,53172,178032,0
"HS",2017,201709,"September 2017",6,1,1,"Imports",398,"Kazakhstan",643,"Russian Federation",40510,"Dairy produce; derived from milk, butter",0,45714,194802,0
"HS",2017,201710,"October 2017",6,1,1,"Imports",398,"Kazakhstan",643,"Russian Federation",40510,"Dairy produce; derived from milk, butter",0,85763,317768,0
"HS",2017,201711,"November 2017",6,1,1,"Imports",398,"Kazakhstan",643,"Russian Federation",40510,"Dairy produce; derived from milk, butter",0,63339,259783,0
"HS",2017,201712,"December 2017",6,1,1,"Imports",398,"Kazakhstan",643,"Russian Federation",40510,"Dairy produce; derived from milk, butter",0,364311,818617,0
"HS",2017,201702,"February 2017",6,1,1,"Imports",417,"Kyrgyzstan",643,"Russian Federation",40510,"Dairy produce; derived from milk, butter",0,5480,22119,0
"HS",2017,201701,"January 2017",6,1,1,"Imports",496,"Mongolia",643,"Russian Federation",40510,"Dairy produce; derived from milk, butter",0,138,403,0
"HS",2017,201702,"February 2017",6,1,1,"Imports",496,"Mongolia",643,"Russian Federation",40510,"Dairy produce; derived from milk, butter",0,1254,4443,0
"HS",2017,201703,"March 2017",6,1,1,"Imports",496,"Mongolia",643,"Russian Federation",40510,"Dairy produce; derived from milk, butter",0,1764,2624,0
"HS",2017,201704,"April 2017",6,1,1,"Imports",496,"Mongolia",643,"Russian Federation",40510,"Dairy produce; derived from milk, butter",0,7930,17594,0
"HS",2017,201705,"May 2017",6,1,1,"Imports",496,"Mongolia",643,"Russian Federation",40510,"Dairy produce; derived from milk, butter",0,10210,14467,0
"HS",2017,201706,"June 2017",6,1,1,"Imports",496,"Mongolia",643,"Russian Federation",40510,"Dairy produce; derived from milk, butter",0,4826,9672,0
"HS",2017,201707,"July 2017",6,1,1,"Imports",496,"Mongolia",643,"Russian Federation",40510,"Dairy produce; derived from milk, butter",0,5024,11470,0
"HS",2017,201708,"August 2017",6,1,1,"Imports",496,"Mongolia",643,"Russian Federation",40510,"Dairy produce; derived from milk, butter",0,420,1425,0
"HS",2017,201709,"September 2017",6,1,1,"Imports",496,"Mongolia",643,"Russian Federation",40510,"Dairy produce; derived from milk, butter",0,6533,13836,0
"HS",2017,201710,"October 2017",6,1,1,"Imports",496,"Mongolia",643,"Russian Federation",40510,"Dairy produce; derived from milk, butter",0,8489,17911,0
"HS",2017,201711,"November 2017",6,1,1,"Imports",496,"Mongolia",643,"Russian Federation",40510,"Dairy produce; derived from milk, butter",0,1307,2876,0
"HS",2017,201712,"December 2017",6,1,1,"Imports",496,"Mongolia",643,"Russian Federation",40510,"Dairy produce; derived from milk, butter",0,7204,14544,0
"HS",2017,201701,"January 2017",6,1,1,"Imports",643,"Russian Federation",643,"Russian Federation",40510,"Dairy produce; derived from milk, butter",0,431,2811,0
"HS",2017,201702,"February 2017",6,1,1,"Imports",643,"Russian Federation",643,"Russian Federation",40510,"Dairy produce; derived from milk, butter",0,20000,128077,0
"HS",2017,201703,"March 2017",6,1,1,"Imports",643,"Russian Federation",643,"Russian Federation",40510,"Dairy produce; derived from milk, butter",0,662,4210,0
"HS",2017,201704,"April 2017",6,1,1,"Imports",643,"Russian Federation",643,"Russian Federation",40510,"Dairy produce; derived from milk, butter",0,40202,219986,0
"HS",2017,201705,"May 2017",6,1,1,"Imports",643,"Russian Federation",643,"Russian Federation",40510,"Dairy produce; derived from milk, butter",0,20263,98766,0
"HS",2017,201706,"June 2017",6,1,1,"Imports",643,"Russian Federation",643,"Russian Federation",40510,"Dairy produce; derived from milk, butter",0,30353,149693,0
"HS",2017,201707,"July 2017",6,1,1,"Imports",643,"Russian Federation",643,"Russian Federation",40510,"Dairy produce; derived from milk, butter",0,20000,105400,0
"HS",2017,201710,"October 2017",6,1,1,"Imports",643,"Russian Federation",643,"Russian Federation",40510,"Dairy produce; derived from milk, butter",0,20000,114600,0
"HS",2017,201711,"November 2017",6,1,1,"Imports",643,"Russian Federation",643,"Russian Federation",40510,"Dairy produce; derived from milk, butter",0,108,751,0
"HS",2017,201712,"December 2017",6,1,1,"Imports",643,"Russian Federation",643,"Russian Federation",40510,"Dairy produce; derived from milk, butter",0,144,1001,0
"HS",2017,201711,"November 2017",6,1,1,"Imports",784,"United Arab Emirates",643,"Russian Federation",40510,"Dairy produce; derived from milk, butter",0,371,1778,0
"HS",2017,201712,"December 2017",6,1,1,"Imports",842,"United States of America",643,"Russian Federation",40510,"Dairy produce; derived from milk, butter",0,1254,6326,0
"HS",2018,201801,"January 2018",6,1,1,"Imports",31,"Azerbaijan",643,"Russian Federation",40510,"Dairy produce; derived from milk, butter",0,26,7924,0
"HS",2018,201802,"February 2018",6,1,1,"Imports",31,"Azerbaijan",643,"Russian Federation",40510,"Dairy produce; derived from milk, butter",0,NA,2606,0
"HS",2018,201803,"March 2018",6,1,1,"Imports",31,"Azerbaijan",643,"Russian Federation",40510,"Dairy produce; derived from milk, butter",0,NA,4037,0
"HS",2018,201804,"April 2018",6,1,1,"Imports",31,"Azerbaijan",643,"Russian Federation",40510,"Dairy produce; derived from milk, butter",0,76,31378,0
"HS",2018,201805,"May 2018",6,1,1,"Imports",31,"Azerbaijan",643,"Russian Federation",40510,"Dairy produce; derived from milk, butter",0,2,189,0
"HS",2018,201807,"July 2018",6,1,1,"Imports",31,"Azerbaijan",643,"Russian Federation",40510,"Dairy produce; derived from milk, butter",0,76,2309,0
"HS",2018,201808,"August 2018",6,1,1,"Imports",31,"Azerbaijan",643,"Russian Federation",40510,"Dairy produce; derived from milk, butter",0,80,12236,0
"HS",2018,201801,"January 2018",6,1,1,"Imports",51,"Armenia",643,"Russian Federation",40510,"Dairy produce; derived from milk, butter",0,3372,5509,0
"HS",2018,201802,"February 2018",6,1,1,"Imports",51,"Armenia",643,"Russian Federation",40510,"Dairy produce; derived from milk, butter",0,15301,49222,0
"HS",2018,201803,"March 2018",6,1,1,"Imports",51,"Armenia",643,"Russian Federation",40510,"Dairy produce; derived from milk, butter",0,29320,127164,0
"HS",2018,201804,"April 2018",6,1,1,"Imports",51,"Armenia",643,"Russian Federation",40510,"Dairy produce; derived from milk, butter",0,18182,83009,0
"HS",2018,201805,"May 2018",6,1,1,"Imports",51,"Armenia",643,"Russian Federation",40510,"Dairy produce; derived from milk, butter",0,29181,128897,0
"HS",2018,201806,"June 2018",6,1,1,"Imports",51,"Armenia",643,"Russian Federation",40510,"Dairy produce; derived from milk, butter",0,15450,64413,0
"HS",2018,201807,"July 2018",6,1,1,"Imports",51,"Armenia",643,"Russian Federation",40510,"Dairy produce; derived from milk, butter",0,17865,53141,0
"HS",2018,201808,"August 2018",6,1,1,"Imports",51,"Armenia",643,"Russian Federation",40510,"Dairy produce; derived from milk, butter",0,2078,5847,0
"HS",2018,201809,"September 2018",6,1,1,"Imports",51,"Armenia",643,"Russian Federation",40510,"Dairy produce; derived from milk, butter",0,3086,10262,0
"HS",2018,201810,"October 2018",6,1,1,"Imports",51,"Armenia",643,"Russian Federation",40510,"Dairy produce; derived from milk, butter",0,15024,54292,0
"HS",2018,201801,"January 2018",6,1,1,"Imports",97,"EU-27",643,"Russian Federation",40510,"Dairy produce; derived from milk, butter",0,37,176,0
"HS",2018,201801,"January 2018",6,1,1,"Imports",112,"Belarus",643,"Russian Federation",40510,"Dairy produce; derived from milk, butter",0,295,1400,0
"HS",2018,201802,"February 2018",6,1,1,"Imports",112,"Belarus",643,"Russian Federation",40510,"Dairy produce; derived from milk, butter",0,1273,6500,0
"HS",2018,201803,"March 2018",6,1,1,"Imports",112,"Belarus",643,"Russian Federation",40510,"Dairy produce; derived from milk, butter",0,720,2800,0
"HS",2018,201804,"April 2018",6,1,1,"Imports",112,"Belarus",643,"Russian Federation",40510,"Dairy produce; derived from milk, butter",0,1002,4200,0
"HS",2018,201805,"May 2018",6,1,1,"Imports",112,"Belarus",643,"Russian Federation",40510,"Dairy produce; derived from milk, butter",0,10818,41300,0
"HS",2018,201806,"June 2018",6,1,1,"Imports",112,"Belarus",643,"Russian Federation",40510,"Dairy produce; derived from milk, butter",0,1119,4800,0
"HS",2018,201807,"July 2018",6,1,1,"Imports",112,"Belarus",643,"Russian Federation",40510,"Dairy produce; derived from milk, butter",0,658,2900,0
"HS",2018,201808,"August 2018",6,1,1,"Imports",112,"Belarus",643,"Russian Federation",40510,"Dairy produce; derived from milk, butter",0,1362,4300,0
"HS",2018,201809,"September 2018",6,1,1,"Imports",112,"Belarus",643,"Russian Federation",40510,"Dairy produce; derived from milk, butter",0,1465,4400,0
"HS",2018,201810,"October 2018",6,1,1,"Imports",112,"Belarus",643,"Russian Federation",40510,"Dairy produce; derived from milk, butter",0,1577,4900,0
"HS",2018,201801,"January 2018",6,1,1,"Imports",268,"Georgia",643,"Russian Federation",40510,"Dairy produce; derived from milk, butter",0,519,3443,0
"HS",2018,201802,"February 2018",6,1,1,"Imports",268,"Georgia",643,"Russian Federation",40510,"Dairy produce; derived from milk, butter",0,497,3350,0
"HS",2018,201803,"March 2018",6,1,1,"Imports",268,"Georgia",643,"Russian Federation",40510,"Dairy produce; derived from milk, butter",0,972,6518,0
"HS",2018,201804,"April 2018",6,1,1,"Imports",268,"Georgia",643,"Russian Federation",40510,"Dairy produce; derived from milk, butter",0,130,790,0
"HS",2018,201805,"May 2018",6,1,1,"Imports",268,"Georgia",643,"Russian Federation",40510,"Dairy produce; derived from milk, butter",0,151,869,0
"HS",2018,201806,"June 2018",6,1,1,"Imports",268,"Georgia",643,"Russian Federation",40510,"Dairy produce; derived from milk, butter",0,367,2063,0
"HS",2018,201807,"July 2018",6,1,1,"Imports",268,"Georgia",643,"Russian Federation",40510,"Dairy produce; derived from milk, butter",0,238,1485,0
"HS",2018,201808,"August 2018",6,1,1,"Imports",268,"Georgia",643,"Russian Federation",40510,"Dairy produce; derived from milk, butter",0,216,1348,0
"HS",2018,201809,"September 2018",6,1,1,"Imports",268,"Georgia",643,"Russian Federation",40510,"Dairy produce; derived from milk, butter",0,518,3203,0
"HS",2018,201810,"October 2018",6,1,1,"Imports",268,"Georgia",643,"Russian Federation",40510,"Dairy produce; derived from milk, butter",0,674,3731,0
"HS",2018,201802,"February 2018",6,1,1,"Imports",417,"Kyrgyzstan",643,"Russian Federation",40510,"Dairy produce; derived from milk, butter",0,752,5577,0
"HS",2018,201803,"March 2018",6,1,1,"Imports",417,"Kyrgyzstan",643,"Russian Federation",40510,"Dairy produce; derived from milk, butter",0,554,4022,0
"HS",2018,201805,"May 2018",6,1,1,"Imports",417,"Kyrgyzstan",643,"Russian Federation",40510,"Dairy produce; derived from milk, butter",0,2297,15895,0
"HS",2018,201806,"June 2018",6,1,1,"Imports",417,"Kyrgyzstan",643,"Russian Federation",40510,"Dairy produce; derived from milk, butter",0,3128,15130,0
"HS",2018,201807,"July 2018",6,1,1,"Imports",417,"Kyrgyzstan",643,"Russian Federation",40510,"Dairy produce; derived from milk, butter",0,2455,9370,0
"HS",2018,201808,"August 2018",6,1,1,"Imports",417,"Kyrgyzstan",643,"Russian Federation",40510,"Dairy produce; derived from milk, butter",0,3247,11835,0
"HS",2018,201809,"September 2018",6,1,1,"Imports",417,"Kyrgyzstan",643,"Russian Federation",40510,"Dairy produce; derived from milk, butter",0,1465,5087,0
"HS",2018,201801,"January 2018",6,1,1,"Imports",496,"Mongolia",643,"Russian Federation",40510,"Dairy produce; derived from milk, butter",0,397,1260,0
"HS",2018,201802,"February 2018",6,1,1,"Imports",496,"Mongolia",643,"Russian Federation",40510,"Dairy produce; derived from milk, butter",0,7747,14490,0
"HS",2018,201801,"January 2018",6,1,1,"Imports",643,"Russian Federation",643,"Russian Federation",40510,"Dairy produce; derived from milk, butter",0,40122,216056,0
"HS",2018,201802,"February 2018",6,1,1,"Imports",643,"Russian Federation",643,"Russian Federation",40510,"Dairy produce; derived from milk, butter",0,18,131,0
"HS",2018,201803,"March 2018",6,1,1,"Imports",643,"Russian Federation",643,"Russian Federation",40510,"Dairy produce; derived from milk, butter",0,20194,109269,0
"HS",2018,201802,"February 2018",6,1,1,"Imports",705,"Slovenia",643,"Russian Federation",40510,"Dairy produce; derived from milk, butter",0,5,48,0
"HS",2018,201805,"May 2018",6,1,1,"Imports",705,"Slovenia",643,"Russian Federation",40510,"Dairy produce; derived from milk, butter",0,2,24,0
"HS",2018,201806,"June 2018",6,1,1,"Imports",705,"Slovenia",643,"Russian Federation",40510,"Dairy produce; derived from milk, butter",0,2,25,0
"HS",2018,201807,"July 2018",6,1,1,"Imports",705,"Slovenia",643,"Russian Federation",40510,"Dairy produce; derived from milk, butter",0,2,25,0
"HS",2018,201808,"August 2018",6,1,1,"Imports",705,"Slovenia",643,"Russian Federation",40510,"Dairy produce; derived from milk, butter",0,2,18,0
"HS",2018,201806,"June 2018",6,1,1,"Imports",818,"Egypt",643,"Russian Federation",40510,"Dairy produce; derived from milk, butter",0,44209,223057,0
"HS",2018,201803,"March 2018",6,1,1,"Imports",842,"United States of America",643,"Russian Federation",40510,"Dairy produce; derived from milk, butter",0,1440,12166,0
"HS",2018,201804,"April 2018",6,1,1,"Imports",842,"United States of America",643,"Russian Federation",40510,"Dairy produce; derived from milk, butter",0,1085,10944,0
"HS",2018,201805,"May 2018",6,1,1,"Imports",842,"United States of America",643,"Russian Federation",40510,"Dairy produce; derived from milk, butter",0,852,6936,0
"HS",2018,201808,"August 2018",6,1,1,"Imports",842,"United States of America",643,"Russian Federation",40510,"Dairy produce; derived from milk, butter",0,414,3962,0
"HS",2018,201809,"September 2018",6,1,1,"Imports",842,"United States of America",643,"Russian Federation",40510,"Dairy produce; derived from milk, butter",0,436,4228,0
"HS",2018,201810,"October 2018",6,1,1,"Imports",842,"United States of America",643,"Russian Federation",40510,"Dairy produce; derived from milk, butter",0,634,6228,0
